station_name,timestamp,temperature_c,relative_humidity_pct,apparent_temp_c,surface_pressure_hpa,wind_speed_ms,wind_direction_deg,wind_gust_ms,solar_irradiance_wm2,cloud_cover_pct,predicted_demand_kw,predicted_solar_pv_kw,predicted_wind_kw,battery_discharge_kw,battery_charge_kw,battery_soc_pct,diesel_output_kw,diesel_fuel_liters
"Bharati Station (Antarctica - Larsemann Hills, 69.4°S)",2026-09-12 00:00:00,-14.3,68,-18.8,988.0,1.4,196,2.3,0.0,100,48.73,0.0,0.0,0.0,0.0,75.0,48.73,15.18
"Bharati Station (Antarctica - Larsemann Hills, 69.4°S)",2026-09-12 01:00:00,-14.5,66,-19.3,987.6,1.9,207,3.0,0.0,100,48.88,0.0,0.0,0.0,0.0,75.0,48.88,15.22
"Bharati Station (Antarctica - Larsemann Hills, 69.4°S)",2026-09-12 02:00:00,-14.7,65,-19.6,987.4,2.1,206,3.3,0.0,100,49.02,0.0,0.0,0.0,0.0,75.0,49.02,15.26
"Bharati Station (Antarctica - Larsemann Hills, 69.4°S)",2026-09-12 03:00:00,-14.7,62,-19.5,986.9,1.8,193,3.3,0.0,100,49.02,0.0,0.0,0.0,0.0,75.0,49.02,15.26
"Bharati Station (Antarctica - Larsemann Hills, 69.4°S)",2026-09-12 04:00:00,-14.5,61,-19.1,986.6,1.4,192,3.0,45.4,100,48.88,3.63,0.0,0.0,0.0,75.0,45.24,14.31
"Bharati Station (Antarctica - Larsemann Hills, 69.4°S)",2026-09-12 05:00:00,-14.3,59,-18.9,986.3,1.3,208,2.7,46.2,100,48.73,3.7,0.0,0.0,0.0,75.0,45.03,14.26
"Bharati Station (Antarctica - Larsemann Hills, 69.4°S)",2026-09-12 06:00:00,-14.2,59,-18.9,985.9,1.6,224,3.0,92.4,100,48.65,7.39,0.0,0.0,0.0,75.0,41.26,13.31
"Bharati Station (Antarctica - Larsemann Hills, 69.4°S)",2026-09-12 07:00:00,-14.3,64,-19.4,985.6,2.4,234,4.0,117.6,100,48.73,9.41,0.0,0.0,0.0,75.0,39.32,12.83
"Bharati Station (Antarctica - Larsemann Hills, 69.4°S)",2026-09-12 08:00:00,-14.5,65,-19.8,985.4,2.9,224,4.8,82.8,100,48.88,6.62,0.0,0.0,6.25,77.88,48.5,15.13
"Bharati Station (Antarctica - Larsemann Hills, 69.4°S)",2026-09-12 09:00:00,-14.5,62,-19.7,985.3,2.7,219,4.8,179.1,100,48.88,14.33,0.0,34.55,0.0,59.1,0.0,0.0
"Bharati Station (Antarctica - Larsemann Hills, 69.4°S)",2026-09-12 10:00:00,-14.6,62,-19.8,985.0,2.6,227,4.5,152.6,99,48.95,12.21,0.0,36.74,0.0,39.13,0.0,0.0
"Bharati Station (Antarctica - Larsemann Hills, 69.4°S)",2026-09-12 11:00:00,-15.0,67,-20.2,984.5,2.6,230,4.3,175.6,98,49.25,14.05,0.0,35.2,0.0,20.0,0.0,0.0
"Bharati Station (Antarctica - Larsemann Hills, 69.4°S)",2026-09-12 12:00:00,-15.4,72,-20.3,984.2,2.2,225,4.2,118.9,98,49.55,9.51,0.0,0.0,0.0,20.0,40.04,13.01
"Bharati Station (Antarctica - Larsemann Hills, 69.4°S)",2026-09-12 13:00:00,-15.8,70,-20.8,984.1,2.2,229,3.5,0.0,97,49.85,0.0,0.0,0.0,0.0,20.0,49.85,15.46
"Bharati Station (Antarctica - Larsemann Hills, 69.4°S)",2026-09-12 14:00:00,-16.2,73,-21.6,983.7,2.9,233,4.2,0.0,94,50.15,0.0,0.0,0.0,0.0,20.0,50.15,15.54
"Bharati Station (Antarctica - Larsemann Hills, 69.4°S)",2026-09-12 15:00:00,-16.6,72,-22.1,983.4,3.2,229,4.7,0.0,95,50.45,0.0,0.9,0.0,0.0,20.0,49.55,15.39
"Bharati Station (Antarctica - Larsemann Hills, 69.4°S)",2026-09-12 16:00:00,-16.8,70,-22.2,983.1,2.8,229,4.7,0.0,83,50.6,0.0,0.0,0.0,0.0,20.0,50.6,15.65
"Bharati Station (Antarctica - Larsemann Hills, 69.4°S)",2026-09-12 17:00:00,-17.1,71,-22.4,983.0,2.7,235,4.2,0.0,70,50.83,0.0,0.0,0.0,0.0,20.0,50.83,15.71
"Bharati Station (Antarctica - Larsemann Hills, 69.4°S)",2026-09-12 18:00:00,-17.4,73,-22.5,982.7,2.5,238,4.0,0.0,41,51.05,0.0,0.0,0.0,0.0,20.0,51.05,15.76
"Bharati Station (Antarctica - Larsemann Hills, 69.4°S)",2026-09-12 19:00:00,-17.6,73,-22.9,982.3,2.7,243,4.0,0.0,42,51.2,0.0,0.0,0.0,0.0,20.0,51.2,15.8
"Bharati Station (Antarctica - Larsemann Hills, 69.4°S)",2026-09-12 20:00:00,-17.9,74,-23.1,981.9,2.6,241,4.0,0.0,52,51.42,0.0,0.0,0.0,0.0,20.0,51.42,15.86
"Bharati Station (Antarctica - Larsemann Hills, 69.4°S)",2026-09-12 21:00:00,-18.0,73,-23.1,981.5,2.2,241,3.8,0.0,43,51.5,0.0,0.0,0.0,0.0,20.0,51.5,15.88
"Bharati Station (Antarctica - Larsemann Hills, 69.4°S)",2026-09-12 22:00:00,-18.3,75,-23.5,981.3,2.5,250,3.6,0.0,44,51.73,0.0,0.0,0.0,0.0,20.0,51.73,15.93
"Bharati Station (Antarctica - Larsemann Hills, 69.4°S)",2026-09-12 23:00:00,-18.7,78,-24.1,981.1,2.7,252,4.0,0.0,65,52.02,0.0,0.0,0.0,0.0,20.0,52.02,16.01
"Maitri Station (Antarctica - Schirmacher Oasis, 70.7°S)",2026-09-12 00:00:00,-26.2,31,-30.9,985.7,1.1,315,1.6,0.0,0,57.65,0.0,0.0,0.0,0.0,75.0,57.65,17.41
"Maitri Station (Antarctica - Schirmacher Oasis, 70.7°S)",2026-09-12 01:00:00,-27.0,35,-31.8,985.6,1.2,332,1.4,0.0,0,58.25,0.0,0.0,41.77,0.0,52.3,16.48,7.12
"Maitri Station (Antarctica - Schirmacher Oasis, 70.7°S)",2026-09-12 02:00:00,-27.6,38,-32.6,985.7,1.4,314,1.7,0.0,0,58.7,0.0,0.0,0.0,0.0,52.3,58.7,17.68
"Maitri Station (Antarctica - Schirmacher Oasis, 70.7°S)",2026-09-12 03:00:00,-28.0,39,-32.9,985.5,1.4,318,1.8,0.0,0,59.0,0.0,0.0,0.0,0.0,52.3,59.0,17.75
"Maitri Station (Antarctica - Schirmacher Oasis, 70.7°S)",2026-09-12 04:00:00,-28.4,41,-33.1,985.4,1.1,352,1.7,0.0,0,59.3,0.0,0.0,0.0,0.0,52.3,59.3,17.82
"Maitri Station (Antarctica - Schirmacher Oasis, 70.7°S)",2026-09-12 05:00:00,-28.9,44,-33.6,985.4,1.0,21,1.2,0.0,0,59.67,0.0,0.0,0.0,0.0,52.3,59.67,17.92
"Maitri Station (Antarctica - Schirmacher Oasis, 70.7°S)",2026-09-12 06:00:00,-29.3,46,-34.0,985.4,1.0,33,1.3,0.0,10,59.98,0.0,0.0,0.0,0.0,52.3,59.98,17.99
"Maitri Station (Antarctica - Schirmacher Oasis, 70.7°S)",2026-09-12 07:00:00,-29.1,45,-33.6,985.3,0.7,54,1.3,382.1,30,59.83,30.57,0.0,29.26,0.0,36.4,0.0,0.0
"Maitri Station (Antarctica - Schirmacher Oasis, 70.7°S)",2026-09-12 08:00:00,-28.5,43,-33.0,985.4,0.6,59,0.9,602.3,24,59.38,48.18,0.0,11.19,0.0,30.32,0.0,0.0
"Maitri Station (Antarctica - Schirmacher Oasis, 70.7°S)",2026-09-12 09:00:00,-27.9,42,-32.2,985.3,0.2,56,0.9,719.9,3,58.92,57.59,0.0,1.33,0.0,29.59,0.0,0.0
"Maitri Station (Antarctica - Schirmacher Oasis, 70.7°S)",2026-09-12 10:00:00,-27.3,40,-31.8,985.1,0.6,256,0.7,787.5,0,58.48,60.0,0.0,0.0,1.52,30.29,0.0,0.0
"Maitri Station (Antarctica - Schirmacher Oasis, 70.7°S)",2026-09-12 11:00:00,-26.6,36,-31.3,985.0,1.0,247,1.3,820.5,2,57.95,60.0,0.0,0.0,2.05,31.24,0.0,0.0
"Maitri Station (Antarctica - Schirmacher Oasis, 70.7°S)",2026-09-12 12:00:00,-26.3,34,-30.9,984.7,0.9,264,1.3,823.5,2,57.73,60.0,0.0,0.0,2.27,32.28,0.0,0.0
"Maitri Station (Antarctica - Schirmacher Oasis, 70.7°S)",2026-09-12 13:00:00,-26.4,33,-31.1,984.4,1.0,282,1.2,803.5,1,57.8,60.0,0.0,0.0,2.2,33.3,0.0,0.0
"Maitri Station (Antarctica - Schirmacher Oasis, 70.7°S)",2026-09-12 14:00:00,-26.9,34,-31.7,984.3,1.1,294,1.4,752.9,1,58.17,60.0,0.0,0.0,1.82,34.14,0.0,0.0
"Maitri Station (Antarctica - Schirmacher Oasis, 70.7°S)",2026-09-12 15:00:00,-27.7,34,-32.2,984.3,0.8,312,1.4,660.4,3,58.77,52.83,0.0,5.94,0.0,30.91,0.0,0.0
"Maitri Station (Antarctica - Schirmacher Oasis, 70.7°S)",2026-09-12 16:00:00,-28.6,36,-33.0,984.2,0.4,40,0.9,492.3,14,59.45,39.38,0.0,20.07,0.0,20.0,0.0,0.0
"Maitri Station (Antarctica - Schirmacher Oasis, 70.7°S)",2026-09-12 17:00:00,-29.4,40,-34.0,984.1,0.7,12,0.9,38.2,35,60.05,3.06,0.0,0.0,0.0,20.0,56.99,17.25
"Maitri Station (Antarctica - Schirmacher Oasis, 70.7°S)",2026-09-12 18:00:00,-29.9,41,-34.1,984.0,0.1,297,0.9,0.0,70,60.42,0.0,0.0,0.0,0.0,20.0,60.42,18.11
"Maitri Station (Antarctica - Schirmacher Oasis, 70.7°S)",2026-09-12 19:00:00,-29.8,42,-34.2,983.7,0.4,82,0.5,0.0,80,60.35,0.0,0.0,0.0,0.0,20.0,60.35,18.09
"Maitri Station (Antarctica - Schirmacher Oasis, 70.7°S)",2026-09-12 20:00:00,-29.3,41,-33.8,983.7,0.7,117,0.9,0.0,1,59.98,0.0,0.0,0.0,0.0,20.0,59.98,17.99
"Maitri Station (Antarctica - Schirmacher Oasis, 70.7°S)",2026-09-12 21:00:00,-29.2,39,-33.8,983.6,0.7,126,1.0,0.0,9,59.9,0.0,0.0,0.0,0.0,20.0,59.9,17.98
"Maitri Station (Antarctica - Schirmacher Oasis, 70.7°S)",2026-09-12 22:00:00,-29.1,38,-33.6,983.7,0.5,127,0.9,0.0,3,59.83,0.0,0.0,0.0,0.0,20.0,59.83,17.96
"Maitri Station (Antarctica - Schirmacher Oasis, 70.7°S)",2026-09-12 23:00:00,-29.1,37,-33.4,983.9,0.2,117,0.7,0.0,27,59.83,0.0,0.0,0.0,0.0,20.0,59.83,17.96
"Himadri Station (Arctic - Ny-Ålesund, Svalbard, 78.9°N)",2026-09-12 00:00:00,0.7,86,-3.9,965.3,4.1,112,9.8,0.0,96,37.48,0.0,4.95,0.0,0.59,75.27,33.12,11.28
"Himadri Station (Arctic - Ny-Ålesund, Svalbard, 78.9°N)",2026-09-12 01:00:00,0.7,86,-3.9,964.8,4.3,108,10.2,0.0,100,37.48,0.0,5.85,0.0,0.0,75.27,31.62,10.91
"Himadri Station (Arctic - Ny-Ålesund, Svalbard, 78.9°N)",2026-09-12 02:00:00,0.9,85,-3.9,964.3,4.6,107,10.7,0.0,100,37.33,0.0,7.2,0.0,0.0,75.27,30.12,10.53
"Himadri Station (Arctic - Ny-Ålesund, Svalbard, 78.9°N)",2026-09-12 03:00:00,1.1,85,-3.8,963.8,4.9,106,11.1,0.0,100,37.17,0.0,8.55,0.0,0.0,75.27,28.62,10.16
"Himadri Station (Arctic - Ny-Ålesund, Svalbard, 78.9°N)",2026-09-12 04:00:00,1.2,85,-3.8,963.2,5.2,102,11.7,0.0,100,37.1,0.0,9.9,0.0,40.0,93.67,67.2,19.8
"Himadri Station (Arctic - Ny-Ålesund, Svalbard, 78.9°N)",2026-09-12 05:00:00,1.3,85,-4.0,962.7,5.7,105,12.8,0.0,100,37.02,0.0,12.15,24.88,0.0,80.15,0.0,0.0
"Himadri Station (Arctic - Ny-Ålesund, Svalbard, 78.9°N)",2026-09-12 06:00:00,1.5,84,-3.9,962.0,6.0,111,13.5,0.0,100,36.88,0.0,13.5,23.38,0.0,67.45,0.0,0.0
"Himadri Station (Arctic - Ny-Ålesund, Svalbard, 78.9°N)",2026-09-12 07:00:00,1.7,84,-3.8,961.5,6.2,113,14.0,0.0,100,36.73,0.0,14.4,0.0,40.0,85.85,62.33,18.58
"Himadri Station (Arctic - Ny-Ålesund, Svalbard, 78.9°N)",2026-09-12 08:00:00,2.0,83,-3.6,961.2,6.3,115,14.2,0.0,100,36.5,0.0,14.85,21.65,0.0,74.08,0.0,0.0
"Himadri Station (Arctic - Ny-Ålesund, Svalbard, 78.9°N)",2026-09-12 09:00:00,2.1,83,-3.6,960.8,6.6,112,14.8,4.6,100,36.42,0.37,16.2,0.0,40.0,92.48,59.86,17.96
"Himadri Station (Arctic - Ny-Ålesund, Svalbard, 78.9°N)",2026-09-12 10:00:00,2.1,84,-3.6,960.4,6.7,106,15.3,16.3,100,36.42,1.3,16.65,18.47,0.0,82.45,0.0,0.0
"Himadri Station (Arctic - Ny-Ålesund, Svalbard, 78.9°N)",2026-09-12 11:00:00,2.2,84,-3.8,959.4,7.2,105,16.8,0.0,100,36.35,0.0,18.9,17.45,0.0,72.96,0.0,0.0
"Himadri Station (Arctic - Ny-Ålesund, Svalbard, 78.9°N)",2026-09-12 12:00:00,2.6,82,-3.7,958.7,7.8,112,17.9,15.3,100,36.05,1.22,21.6,13.23,0.0,65.77,0.0,0.0
"Himadri Station (Arctic - Ny-Ålesund, Svalbard, 78.9°N)",2026-09-12 13:00:00,2.6,82,-3.7,957.7,8.0,113,18.4,0.0,100,36.05,0.0,22.5,13.55,0.0,58.41,0.0,0.0
"Himadri Station (Arctic - Ny-Ålesund, Svalbard, 78.9°N)",2026-09-12 14:00:00,3.0,82,-3.3,956.9,7.9,116,18.4,0.0,100,35.75,0.0,22.05,13.7,0.0,50.96,0.0,0.0
"Himadri Station (Arctic - Ny-Ålesund, Svalbard, 78.9°N)",2026-09-12 15:00:00,3.2,83,-2.8,956.7,7.5,126,18.1,10.5,100,35.6,0.84,20.25,14.51,0.0,43.08,0.0,0.0
"Himadri Station (Arctic - Ny-Ålesund, Svalbard, 78.9°N)",2026-09-12 16:00:00,3.3,85,-2.0,956.7,6.4,129,17.5,0.0,98,35.52,0.0,15.3,20.23,0.0,32.09,0.0,0.0
"Himadri Station (Arctic - Ny-Ålesund, Svalbard, 78.9°N)",2026-09-12 17:00:00,3.4,85,-1.7,956.3,6.0,126,15.3,0.0,100,35.45,0.0,13.5,0.0,40.0,50.49,61.95,18.49
"Himadri Station (Arctic - Ny-Ålesund, Svalbard, 78.9°N)",2026-09-12 18:00:00,3.7,84,-1.5,956.1,6.2,130,15.3,0.0,100,35.23,0.0,14.4,0.0,40.0,68.89,60.83,18.21
"Himadri Station (Arctic - Ny-Ålesund, Svalbard, 78.9°N)",2026-09-12 19:00:00,3.8,83,-1.6,955.8,6.4,124,15.7,0.0,100,35.15,0.0,15.3,19.85,0.0,58.1,0.0,0.0
"Himadri Station (Arctic - Ny-Ålesund, Svalbard, 78.9°N)",2026-09-12 20:00:00,3.8,83,-1.4,955.3,6.3,119,15.5,0.0,100,35.15,0.0,14.85,20.3,0.0,47.07,0.0,0.0
"Himadri Station (Arctic - Ny-Ålesund, Svalbard, 78.9°N)",2026-09-12 21:00:00,4.0,84,-1.4,954.6,6.7,124,16.2,0.0,100,35.0,0.0,16.65,18.35,0.0,37.09,0.0,0.0
"Himadri Station (Arctic - Ny-Ålesund, Svalbard, 78.9°N)",2026-09-12 22:00:00,4.2,84,-1.5,954.0,7.3,125,17.4,0.0,100,34.85,0.0,19.35,15.5,0.0,28.67,0.0,0.0
"Himadri Station (Arctic - Ny-Ålesund, Svalbard, 78.9°N)",2026-09-12 23:00:00,4.2,84,-1.4,953.8,7.2,125,17.7,0.0,100,34.85,0.0,18.9,15.95,0.0,20.0,0.0,0.0
